{
  "view/Main.view.xml": 1620169496851,
  "controller/App.controller.js": 1620169496843,
  "model/json/Employees.json": 1620582031291,
  "model/json/Countries.json": 1620582024531,
  "manifest.json": 1620583861955,
  "model/models.js": 1620060367577,
  "model/formatter.js": 1619885082841,
  "controller/OrderDetails.controller.js": 1620516799844,
  "controller/MasterEmployee.controller.js": 1620259056142,
  "controller/Main.controller.js": 1620582455509,
  "controller/EmployeeDetails.controller.js": 1620259056142,
  "controller/Base.controller.js": 1620259056146,
  "model/json/Layouts.json": 1620582038193,
  "control/Signature.js": 1620500393488,
  "Component.js": 1620166902124,
  "manifest-bundle.zip": 1620583861239,
  "Component-preload.js": 1620583861838,
  "controller/App-dbg.controller.js": 1620169496843,
  "model/formatter-dbg.js": 1619885082841,
  "controller/OrderDetails-dbg.controller.js": 1620516799844,
  "controller/MasterEmployee-dbg.controller.js": 1620259056142,
  "controller/Main-dbg.controller.js": 1620582455509,
  "controller/EmployeeDetails-dbg.controller.js": 1620259056142,
  "controller/Base-dbg.controller.js": 1620259056146,
  "model/models-dbg.js": 1620060367577,
  "control/Signature-dbg.js": 1620500393488,
  "Component-dbg.js": 1620166902124,
  "resources.json": 1620583861959,
  "view/OrderDetails.view.xml": 1620509574481,
  "view/MasterEmployee.view.xml": 1620167056215,
  "i18n/i18n.properties": 1620503182621,
  "view/EmployeeDetails.view.xml": 1620167056227,
  "view/App.view.xml": 1620169496843,
  "fragment/TableOrders.fragment.xml": 1620174231514,
  "fragment/TableEmployee.fragment.xml": 1619990844383,
  "fragment/NewIncidence.fragment.xml": 1620004586122,
  "fragment/DialogOrders.fragment.xml": 1620060367565,
  "css/style.css": 1619825656889,
  "index.html": 1620253656216
}